status,country,filed_under,artist,sources_say,mb_genres,mb_tags,wikidata_genres,spotify_genres,suggested,correct_genre,action,notes
mismatch,Argentina,Disco,Miranda!,Pop; Electronic; Techno,electropop; pop; techno,electropop; pop; synthpop; techno,electropop,,Pop,,,
mismatch,Argentina,Disco,Thomass Jackson,Electronic,electronic,electronic,,,Electronic,,,
mismatch,Argentina,Electronic,Bersuit Vergarabat,Rock,alternative rock; latin rock,alternative rock; latin rock,rock en español,,Rock,,,
mismatch,Argentina,Hip Hop,Nathy Peluso,Pop; Soul; Jazz; World,,,Latin pop; Latin R&B; Latin jazz; salsa,,Pop,,,
mismatch,Argentina,Indie,Marilina Bertoldi,Rock,,,alternative rock,,Rock,,,
mismatch,Argentina,Jazz,Astor Piazzolla,World; Classical,classical; nuevo tango; tango,argentina; argentinian; bandoneon; bandoneonist; bandoneón; buenos aires; classical; composer; latinamerican; nuevo tango; tangazo; tango; tango nuevo; world,opera; nuevo tango; tango,,World,,,
mismatch,Argentina,Jazz,Pedro Aznar,Rock,rock,rock,rock music,,Rock,,,
mismatch,Brazil,Bossa Nova,Stan Getz,Jazz,,,jazz; bebop,,Jazz,,,
mismatch,Brazil,Electronic,Gui Boratto,Techno,,,minimal techno,,Techno,,,
mismatch,Brazil,Folk,Geraldo Vandre,World; Bossa Nova,mpb,mpb,música popular brasileira; bossa nova; nueva canción,,World,,,
mismatch,Brazil,Funk,Jorge Ben Jor,World; Bossa Nova; Rock; Folk,bossa nova; mpb; samba; samba-rock; singer-songwriter,bossa nova; mpb; samba; samba-rock; singer-songwriter,música popular brasileira; bossa nova; samba-jazz; samba rock,,World,,,
mismatch,Brazil,Indie,Marcelo Camelo,Rock; Folk,,,folk rock,,Rock,,,
mismatch,Brazil,Indie,Tulipa Ruiz,World,mpb,brazilian; mpb,música popular brasileira,,World,,,
mismatch,Brazil,Pop,Maria Bethania,World,mpb,mpb; promessa,música popular brasileira; samba; monologue,,World,,,
mismatch,Brazil,Rock,Legiao Urbana,Punk,,,post-punk,,Punk,,,
mismatch,France,Disco,Sebastien Tellier,Electronic; Pop; Ambient; House,ambient pop; downtempo; electronic; french house; pop,alternative/indie rock; ambient pop; dance and electronica; downtempo; electronic; france; francophone; français; french; french house; french indie pop; indie electronic; pop; synthpop; électronique,electronic music,,Electronic,,,
mismatch,France,Folk,Edith Piaf,World; Pop,cabaret; chanson française; chanson réaliste; pop,cabaret; chanson; chanson française; chanson réaliste; chanteuse réaliste; french; pop,chanson; chanson réaliste; ballade,,World,,,
mismatch,France,Folk,Jacques Brel,World,,,chanson,,World,,,
mismatch,France,Folk,Serge Gainsbourg,Rock; Reggae; World; Jazz,chanson française; jazz; reggae; rock,chanson; chanson française; composer; european; eurovision; french; french pop; french rock; initials b.b.; jazz; reggae; rock; rock and indie; server name; singer; soundtracks; variété française,chanson; jazz; pop music; reggae; rock music; progressive rock; cha-cha-cha; mambo; funk; middle of the road; psychedelic pop,,Rock,,,
mismatch,France,Indie,La Femme,Rock; Electronic; Pop; Punk,acid jazz; coldwave; electronic; neo-psychedelia; pop; post-punk; psychedelic; psychedelic rock; rock; surf; synth-pop,acid jazz; coldwave; electronic; neo-psychedelia; pop; post-punk; psychedelic; psychedelic rock; rock; surf; synth-pop; upbeat; yèyè,chanson,,Rock,,,
mismatch,France,Indie,M83,Electronic; Rock; Ambient,,,electronic music; shoegaze; ambient music,,Electronic,,,
mismatch,France,Indie,Yelle,Pop; Electronic,electropop; pop,electropop; france; francophone; français; french; pop,pop music,,Pop,,,
mismatch,France,Rock,Telephone,Pop; Electronic,,,electropop; dance-pop,,Pop,,,
mismatch,France,Soul,Christine and the Queens,Pop; Electronic; Indie,art pop; electropop; indietronica; pop,art pop; electropop; indietronica; pop; queer; synthpop,synth-pop; indie pop; art pop; electropop; experimental pop,,Pop,,,
mismatch,France,Soul,Stromae,Electronic; Hip Hop; Pop; House,,,Belgian hip hop; house music; electronic music; electropop; synth-pop; new beat; Eurodance; hip-hop,,Electronic,,,
mismatch,France,Techno,Justice,Electronic; House; Disco; Pop,dance; electro; electro house; electro-disco; electronic; french electro; french house; house; new rave; nu disco; synthwave,dance; electro; electro house; electro-disco; electronic; european; france; français; french; french electro; french house; french touch; house; new rave; nu disco; synthwave,pop music,,Electronic,,,
mismatch,Ghana,Disco,George Darko,World,burger-highlife; highlife,burger-highlife; highlife,burger-highlife,,World,,,
mismatch,Ghana,Disco,Marijata,Funk; World,afrobeat; highlife,afrobeat; highlife,,,Funk,,,
mismatch,Ghana,Funk,Pat Thomas,World; Jazz,highlife,highlife,jazz; free improvisation,,World,,,
mismatch,Ghana,Jazz,Ebo Taylor,Funk; World,afrobeat; funk; highlife,afrobeat; afrofunk; fela; funk; ghana; highlife,highlife,,Funk,,,
mismatch,Ghana,Jazz,Gyedu-Blay Ambolley,Funk,,,Afrobeat,,Funk,,,
mismatch,Ghana,Pop,Kwesi Arthur,Afrobeats,,,hiplife; Afrobeats,,Afrobeats,,,
mismatch,Ghana,Pop,Stonebwoy,Reggae,dancehall; reggae,afro dance hall; afropop; dancehall; reggae,African popular music,,Reggae,,,
mismatch,India,Ambient,Karsh Kale,Electronic; World,,,electronic music; world music,,Electronic,,,
mismatch,India,Ambient,Talvin Singh,Electronic; World,,,electronic music; world music,,Electronic,,,
mismatch,India,Disco,Asha Bhosle,World; Classical; Folk; Rock,,,Indian film music; Hindustani classical music; world music; Indian classical music; Indian folk music; Indian rock; ghazal; qawwali; bhajan; pop music,,World,,,
mismatch,India,Folk,Indian Ocean,Pop; Jazz,indian pop,indian pop,jazz fusion,,Pop,,,
mismatch,India,Hip Hop,Divine,Pop,,,pop music; Hi-NRG,,Pop,,,
mismatch,India,Rock,Indian Ocean,Pop; Jazz,indian pop,indian pop,jazz fusion,,Pop,,,
mismatch,India,World,Kailash Kher,Rock; Pop; Folk,,,independent music; Indian film music; pop rock; Sufi rock; folk rock; Sufi music,,Rock,,,
mismatch,Iran,Classical,Hossein Alizadeh,World,,,Persian traditional music,,World,,,
mismatch,Iran,Classical,Mohammad Reza Shajarian,World,,,Persian traditional music,,World,,,
mismatch,Iran,Disco,Googoosh,Pop,persian pop; pop,female vocalists; googoosh; iranian female singers; iranian singers; persian; persian female singers; persian pop; pop,pop music; Iranian pop,,Pop,,,
mismatch,Iran,Disco,Kourosh Yaghmaei,Rock; Pop; Soul,persian pop; rock,iran music; iran rock; iranian rock; iranian rock godfather; middle east rock; persian music; persian pop; persian rock; rock; rock godfather,pop music; rock music; blues; psychedelic rock,,Rock,,,
mismatch,Iran,Folk,Hossein Alizadeh,World,,,Persian traditional music,,World,,,
mismatch,Iran,Folk,Mohammad Reza Shajarian,World,,,Persian traditional music,,World,,,
mismatch,Iran,Indie,Kiosk,Rock,,,rock music,,Rock,,,
mismatch,Iran,Indie,Mohsen Namjoo,Folk,,,folk music,,Folk,,,
mismatch,Iran,Pop,Hayedeh,Classical,,,classical music,,Classical,,,
mismatch,Iran,World,Mohsen Namjoo,Folk,,,folk music,,Folk,,,
mismatch,Japan,Ambient,Ryuichi Sakamoto,Electronic; Techno,,,electronic music; techno; experimental music,,Electronic,,,
mismatch,Japan,Folk,Akiko Yano,Pop; Electronic; Rock; Jazz,,,jazz; synth-pop; electronic music; soul; J-pop; pop music; pop rock; disco; new wave,,Pop,,,
mismatch,Japan,Folk,Haruomi Hosono,Rock,,,rock music,,Rock,,,
mismatch,Japan,Funk,Tatsuro Yamashita,Pop; Soul; Rock; Disco,,,rock music; kayōkyoku; pop music; rhythm and blues; soul; city pop,,Pop,,,
mismatch,Japan,Funk,Toshiki Kadomatsu,Pop; Jazz; Disco,,,J-pop; jazz fusion; city pop,,Pop,,,
mismatch,Japan,Hip Hop,Tha Blue Herb,Pop,,,pop music,,Pop,,,
mismatch,Japan,House,Soichi Terada,Electronic,,,electronic music,,Electronic,,,
mismatch,Japan,Indie,Haruomi Hosono,Rock,,,rock music,,Rock,,,
mismatch,Japan,Indie,Ichiko Aoba,Pop,,,J-pop,,Pop,,,
mismatch,Japan,Soul,Anri,Pop; Disco,,,J-pop; city pop,,Pop,,,
mismatch,Japan,Soul,Toshiki Kadomatsu,Pop; Jazz; Disco,,,J-pop; jazz fusion; city pop,,Pop,,,
mismatch,Mexico,Disco,Clubz,Pop; Electronic; Rock; Funk,,,electropop; pop rock; funk; jazz fusion,,Pop,,,
mismatch,Mexico,Disco,Rebolledo,House; Electronic; Techno; Pop,afro house; dance; deep house; deep tech; edm; electronica; house; melodic house; melodic techno; pop; tech house; techno,afro house; dance; deep house; deep tech; edm; electronica; house; indie dance; melodic house; melodic techno; pop; tech house; techno,,,House,,,
mismatch,Mexico,Folk,Chavela Vargas,World,bolero; latin; ranchera; regional mexicano,bolero; latin; macorina; ranchera; regional mexicano,ranchera,,World,,,
mismatch,Mexico,Indie,Belanova,Electronic; Pop,electronica; electropop; latin; pop,electronica; electropop; español; latin; mexican; pop,synth-pop,,Electronic,,,
mismatch,Mexico,Indie,Cafe Tacvba,Rock; World,alternative rock; latin; rock,alternative rock; latin; rock,alternative rock; samba,,Rock,,,
mismatch,Mexico,Indie,Zoe,Rock,alternative rock; neo-psychedelia,alternative rock; leon larregui; neo-psychedelia; zoé,,,Rock,,,
mismatch,Mexico,Punk,Botellita de Jerez,Rock; Cumbia,cumbia; rock,cumbia; guacarrock; rock; son,rock music,,Rock,,,
mismatch,Mexico,Punk,Maldita Vecindad,Rock; Reggae,latin; rock; ska,latin; rock; rock en espanol; ska,rock en español,,Rock,,,
mismatch,Mexico,World,Natalia Lafourcade,Pop; Folk; Rock; Indie,folk pop; latin; latin pop; pop; singer-songwriter,female vocals; folk pop; latin; latin american; latin pop; pop; singer-songwriter,Latin rock; Latin alternative; Latin pop; regional Mexican; indie pop,,Pop,,,
mismatch,Nigeria,Disco,William Onyeabor,Funk,,,funk,,Funk,,,
mismatch,Nigeria,Electronic,Niniola,Soul; House,house; soul,afrohouse; afropop; house; soul,rhythm and blues; soul; African popular music; Amapiano,,Soul,,,
mismatch,Nigeria,Indie,Asa,Soul,soul,nigeria; nigerian; nigérian; soul; world,rapping,,Soul,,,
mismatch,Nigeria,Indie,Brymo,Soul; Afrobeats; Funk; Pop,afrobeats,afrobeats,Afrobeat; rhythm and blues; soul; pop music; Yoruba music; alternative rock; folk music,,Soul,,,
mismatch,Nigeria,Pop,Asa,Soul,soul,nigeria; nigerian; nigérian; soul; world,rapping,,Soul,,,
mismatch,Norway,Afrobeats,Tolou,Pop,,,Iranian pop,,Pop,,,
mismatch,Norway,Folk,Mari Boine,World,,,world music,,World,,,
mismatch,Norway,House,Lindstrom,Disco; Electronic,electronic; nu disco; space disco,electronic; neo disco; nu disco; space disco,electronic music,,Disco,,,
mismatch,Norway,House,Prins Thomas,Disco; Electronic; Rock,electronic; nu disco; space disco,electronic; nu disco; space disco,Krautrock,,Disco,,,
mismatch,Pakistan,Classical,Nusrat Fateh Ali Khan,World,,,qawwali; ghazal,,World,,,
mismatch,Pakistan,Disco,Nazia Hassan,Pop,,pakistani pop,pop music,,Pop,,,
mismatch,Pakistan,Disco,Zoheb Hassan,,,pakistani; pakistani pop,,,,,,
mismatch,Pakistan,Folk,Nusrat Fateh Ali Khan,World,,,qawwali; ghazal,,World,,,
mismatch,Pakistan,Indie,Ali Sethi,World,,,ghazal,,World,,,
mismatch,Pakistan,Indie,Strings,,,pakistani; pakistani pop,action game; adventure video game; action-adventure game,,,,,
mismatch,Pakistan,Pop,Ali Sethi,World,,,ghazal,,World,,,
mismatch,Pakistan,Rock,Strings,,,pakistani; pakistani pop,action game; adventure video game; action-adventure game,,,,,
mismatch,Pakistan,World,Junoon,Rock,,ascetic; pakistani; pakistani rock; sufi,Sufi rock,,Rock,,,
mismatch,Poland,Bossa Nova,Basia,Pop; Jazz,,,pop music; jazz,,Pop,,,
mismatch,Poland,Disco,Sławomir,Jazz,jazz,jazz,,,Jazz,,,
mismatch,Poland,Electronic,Skalpel,Jazz,nu jazz,european; ninja tune; nu jazz; polish,nu jazz,,Jazz,,,
mismatch,Poland,Folk,Voo Voo,Jazz; Rock,jazz,jazz; polish,jazz; rock music,,Jazz,,,
mismatch,Poland,Indie,Brodka,Pop,pop,alternative; pop,pop music,,Pop,,,
mismatch,Poland,Indie,Coma,Rock,,polish,alternative rock,,Rock,,,
mismatch,Portugal,Disco,António Variações,Folk; Pop,folk pop; singer-songwriter,folk pop; portugal; singer-songwriter,pop music,,Folk,,,
mismatch,Portugal,Disco,Xinobi,House; Electronic; Techno; Pop,afro house; dance; deep house; drum and bass; edm; electronica; house; melodic house; melodic techno; organic house; pop; progressive house,afro house; dance; deep house; drum and bass; edm; electronica; house; indie dance; melodic house; melodic techno; organic house; pop; progressive house,,,House,,,
mismatch,Portugal,Folk,Camane,World,fado,fado; portugal; portuguese,fado,,World,,,
mismatch,Portugal,Folk,Carminho,World; Pop,,,fado; pop music,,World,,,
mismatch,Portugal,Pop,Rui Veloso,Soul,,,blues,,Soul,,,
mismatch,Portugal,Punk,Xutos & Pontapés,Rock; Pop,,,pop rock,,Rock,,,
mismatch,South Africa,Afrobeats,Sho Madjozi,House; Hip Hop; Electronic,,,African popular music; Amapiano; hip-hop; gqom; electronic music,,House,,,
mismatch,South Africa,Disco,Brenda Fassie,House,kwaito; township bubblegum,kwaito; south africa; township bubblegum,African popular music,,House,,,
mismatch,South Africa,Electronic,Black Coffee,House,,,house music,,House,,,
mismatch,South Africa,Electronic,Culoe De Song,House,,,house music,,House,,,
mismatch,South Africa,Folk,Johnny Clegg,World; Pop; Reggae,mbaqanga,composer; guitarist; mbaqanga; singer; south africa; south african,pop music; worldbeat; reggae,,World,,,
mismatch,South Africa,Indie,BCUC,Rock; Pop,,,futurepop; psychedelic pop; African popular music,,Rock,,,
mismatch,South Africa,Indie,Beatenberg,Funk,afrobeat,afrobeat,,,Funk,,,
mismatch,South Africa,Jazz,Dorothy Masuka,Pop,,,pop music,,Pop,,,
mismatch,South Africa,Pop,Sjava,Hip Hop; Soul,,,African popular music; contemporary R&B; hip-hop; trap music,,Hip Hop,,,
mismatch,South Africa,Soul,Mafikizolo,House,kwaito,kwaito,kwela,,House,,,
mismatch,South Korea,Folk,Yoon Do Hyun,Rock,,,rock music,,Rock,,,
mismatch,South Korea,Soul,Crush,Pop,,,pop music,,Pop,,,
mismatch,Spain,Bossa Nova,Rita Payés,Jazz,,,jazz,,Jazz,,,
mismatch,Spain,Disco,Barrabas,Rock,,,rock music,,Rock,,,
mismatch,Spain,Disco,Charo,Pop,,,dance music,,Pop,,,
mismatch,Spain,Disco,Las Grecas,Rock; World,rock,rock,new flamenco,,Rock,,,
mismatch,Spain,Electronic,Dorian,Rock,,,rock music,,Rock,,,
mismatch,Spain,Folk,Camaron de la Isla,World,flamenco; nuevo flamenco,cante; flamenco; nuevo flamenco,flamenco,,World,,,
mismatch,Spain,Folk,Estrella Morente,World,,,flamenco,,World,,,
mismatch,Spain,Folk,Paco de Lucia,Jazz; World; Classical,,,jazz; flamenco; classical music; jazz fusion,,Jazz,,,
mismatch,Spain,Hip Hop,Nathy Peluso,Pop; Soul; Jazz; World,,,Latin pop; Latin R&B; Latin jazz; salsa,,Pop,,,
mismatch,Spain,Pop,Bad Gyal,World; Hip Hop,,,reggaeton; Latin trap; neoperreo,,World,,,
mismatch,Sweden,Bossa Nova,Lisa Ekdahl,Jazz; Pop,contemporary jazz; jazz; jazz pop; pop; vocal jazz,contemporary jazz; jazz; jazz pop; pop; standards; swedish; swedish pop; vispop; vocal; vocal jazz,jazz; vispop,,Jazz,,,
mismatch,Sweden,Folk,Sofia Jannok,World,,,joik,,World,,,
mismatch,Sweden,Reggae,Peps Persson,Soul,,,blues,,Soul,,,
mismatch,Sweden,Rock,Refused,Punk,,,hardcore punk; post-hardcore,,Punk,,,
mismatch,Turkey,Bossa Nova,Elif Çağlar,Jazz,jazz,jazz,jazz,,Jazz,,,
mismatch,Turkey,Bossa Nova,Önder Focan,Jazz,,,jazz,,Jazz,,,
mismatch,Turkey,Bossa Nova,Özdemir Erdoğan,Jazz,,,jazz,,Jazz,,,
mismatch,Turkey,Bossa Nova,Tülay German,Pop; Folk; Jazz,contemporary folk; folk; folk pop; pop; turkish pop,contemporary folk; folk; folk pop; pop; turkish folk music; turkish pop,Turkish pop; jazz,,Pop,,,
mismatch,Turkey,Disco,Ajda Pekkan,Pop,,,pop music,,Pop,,,
mismatch,Turkey,Disco,Nil Burak,Pop,,,pop music,,Pop,,,
mismatch,Turkey,Folk,Nesrin Sipahi,Classical,,turkish,Ottoman classical music,,Classical,,,
mismatch,Turkey,Folk,Selda Bagcan,Rock; World,,,Anatolian rock,,Rock,,,
mismatch,Turkey,Indie,Adamlar,Rock,,turkish,alternative rock,,Rock,,,
mismatch,Turkey,Indie,Kalben,Rock; Pop,,turkish,pop rock,,Rock,,,
mismatch,Turkey,Indie,Madrigal,Classical,,,classical music,,Classical,,,
mismatch,Turkey,World,Sezen Aksu,Pop,,,pop music,,Pop,,,
mismatch,Turkey,World,Tarkan,Pop; Folk; Soul,,,pop music; folk-pop; rhythm and blues; dance-pop,,Pop,,,
mismatch,United Kingdom,House,Floating Points,Electronic; Jazz,,,electronic music; jazz,,Electronic,,,
mismatch,United Kingdom,Indie,Black Midi,Rock,,,rock music,,Rock,,,
mismatch,United Kingdom,Pop,FKA twigs,Electronic,,,trip hop,,Electronic,,,
mismatch,United States,Bossa Nova,Stan Getz,Jazz,,,jazz; bebop,,Jazz,,,
mismatch,United States,House,Honey Dijon,Electronic,,,electronic music,,Electronic,,,
mismatch,United States,Indie,Vampire Weekend,Rock,,,alternative rock,,Rock,,,
mismatch,United States,Pop,Steve Lacy,Jazz; Soul,avant-garde jazz; free jazz; jazz,avant-garde jazz; composers; free jazz; jazz; saxophonists,alternative R&B,,Jazz,,,
weak,Ghana,Afrobeats,Stonebwoy,Reggae,dancehall; reggae,afro dance hall; afropop; dancehall; reggae,African popular music,,,,,
weak,Japan,Electronic,Cornelius,Indie; Rock,alternative dance; folktronica; indietronica; neo-psychedelia; shibuya-kei,alternative dance; dance and electronica; folktronica; indietronica; japanese; neo-psychedelia; post-alternative; shibuya-kei; 渋谷系,,,,,,
weak,Nigeria,World,Femi Kuti,Funk; Jazz,afrobeat; jazz; jùjú,african; afro-beat; afrobeat; jazz; jùjú; world,Afrobeat,,,,,
weak,Nigeria,World,Seun Kuti,Funk,afrobeat; jùjú,african; afro-beat; afrobeat; jùjú; world,Afrobeat,,,,,
weak,Pakistan,Folk,Reshma,,,pakistani folk; pakistani traditional; traditional,,,,,,
weak,Pakistan,Pop,Shafqat Amanat Ali,Rock,,pakistani; pakistani pop; pakistani semi-classical,rock music,,,,,
weak,South Africa,Afrobeats,Master KG,Pop,pop,afropop; english; isizulu; pop; zulu,,,,,,
weak,Spain,Bossa Nova,Andrea Motis,Jazz; Funk,funk; jazz,bossanova; funk; jazz; neo-soul,jazz,,,,,
weak,Spain,Pop,Manu Chao,Reggae; Folk; World; Rock,country; electronic; folk; latin; pop; punk; reggae; rock; ska; worldbeat,00s; 10s; 80s; 90s; alternative latin; country; electronic; english; european; folk; france; french; french pop; international; international fusion; latin; latin alternative; latin alternative rock; multiple ipi; music of latin america; musiques du monde; pop; punk; rap; reggae; rock; rock en español; ska; spanish; world; world music; worldbeat,reggae; ska; world music; music of Latin America,,,,,
weak,Turkey,World,Mustafa Sandal,Pop,,turkish,pop music,,,,,
weak,United States,Indie,Mitski,Rock; Folk; Pop; Punk,alternative rock; art pop; folk punk; folk rock; garage rock; indie rock; j-pop; pop; punk rock; rock; singer-songwriter,2010s; 2020s; alternative; alternative rock; alternative singer/songwriter; alternative/indie rock; art pop; folk punk; folk rock; garage rock; indie; indie dance; indie rock; j-pop; millennial; pop; punk rock; rock; singer-songwriter,indie rock; punk rock; folk rock; folk punk; art pop; J-pop,,,,,
unknown,Argentina,Disco,Javier Penna,,,,,,,,,
unknown,Argentina,Disco,Jay West,,,,pornographic film,,,,,
unknown,Argentina,Disco,Manuel Sahagun,,,,,,,,,
unknown,Argentina,Disco,Toomy Disco,,,,,,,,,
unknown,Brazil,Hip Hop,BK,,,,,,,,,
unknown,Brazil,Indie,Silva,,,,,,,,,
unknown,Brazil,Indie,Tim Bernardes,,,,,,,,,
unknown,Brazil,Pop,Caetano Veloso,,,,música popular brasileira; music of Brazil,,,,,
unknown,Brazil,Pop,Marisa Monte,,,,música popular brasileira,,,,,
unknown,Brazil,Rock,Os Mutantes,,,,música popular brasileira,,,,,
unknown,Brazil,Soul,Marisa Monte,,,,música popular brasileira,,,,,
unknown,Brazil,World,Caetano Veloso,,,,música popular brasileira; music of Brazil,,,,,
unknown,France,House,Cassius,,,,,,,,,
unknown,Ghana,Afrobeats,King Promise,,,,,,,,,
unknown,Ghana,Disco,Charles Amoah,,,,,,,,,
unknown,Ghana,Disco,Wilson Boateng,,,,,,,,,
unknown,Ghana,Electronic,Ata Kak,,,,,,,,,
unknown,Ghana,Electronic,DJ Katapila,,,,,,,,,
unknown,Ghana,Electronic,Gafacci,,,,,,,,,
unknown,Ghana,Electronic,Juls,,,,Nordic Christmas calendar,,,,,
unknown,Ghana,Funk,Ata Kak,,,,,,,,,
unknown,Ghana,Hip Hop,FOKN Bois,,,,,,,,,
unknown,Ghana,Hip Hop,Wanlov the Kubolor,,,,African popular music,,,,,
unknown,Ghana,House,DJ Katapila,,,,,,,,,
unknown,Ghana,House,Gafacci,,,,,,,,,
unknown,Ghana,House,Juls,,,,Nordic Christmas calendar,,,,,
unknown,Ghana,Pop,King Promise,,,,,,,,,
unknown,Ghana,Rock,Dark Suburb,,,,,,,,,
unknown,Ghana,Rock,Osibisa,,,,African popular music,,,,,
unknown,Ghana,World,King Ayisoba,,,,,,,,,
unknown,India,Ambient,Niraj Chag,,,,,,,,,
unknown,India,Classical,Bombay Jayashri,,,,,,,,,
unknown,India,Classical,T M Krishna,,,,,,,,,
unknown,India,Electronic,Ritviz,,,,,,,,,
unknown,India,Electronic,Su Real,,,,,,,,,
unknown,India,Folk,Rajasthan Roots,,,,,,,,,
unknown,India,Hip Hop,Naezy,,,,,,,,,
unknown,India,Hip Hop,Prabh Deep,,,,,,,,,
unknown,India,Hip Hop,Raftaar,,,,,,,,,
unknown,India,Hip Hop,Seedhe Maut,,,,,,,,,
unknown,India,Indie,Parekh and Singh,,,,,,,,,
unknown,India,Indie,The Local Train,,,,,,,,,
unknown,India,Indie,When Chai Met Toast,,,,,,,,,
unknown,India,Jazz,L Subramaniam,,,,,,,,,
unknown,India,Jazz,Louiz Banks,,,,,,,,,
unknown,India,Jazz,Rudy Wallang,,,,,,,,,
unknown,India,Jazz,Sandunes,,,,,,,,,
unknown,India,Jazz,Soulmate,,,,fiction literature; romance,,,,,
unknown,India,Reggae,The Ska Vengers,,,,,,,,,
unknown,India,Rock,Thermal And A Quarter,,,,,,,,,
unknown,Iran,Bossa Nova,Arshid Azarine,,,,,,,,,
unknown,Iran,Bossa Nova,Hamzeh Yeganeh,,,,,,,,,
unknown,Iran,Bossa Nova,Mahan Mirarab,,,,,,,,,
unknown,Iran,Bossa Nova,Tara Tiba,,,,,,,,,
unknown,Iran,Electronic,9T Antiope,,,,,,,,,
unknown,Iran,Electronic,Sote,,,,,,,,,
unknown,Iran,Folk,Parisa,,,,,,,,,
unknown,Iran,Pop,Dariush,,,,,,,,,
unknown,Iran,Pop,Ebi,,,,,,,,,
unknown,Iran,World,Mohammad Reza Lotfi,,,,music of Iran,,,,,
unknown,Japan,Ambient,Hiroshi Yoshimura,,,,,,,,,
unknown,Japan,Classical,Toru Takemitsu,,,,impressionism in music,,,,,
unknown,Japan,Cumbia,Minyo Crusaders,,,,min'yō,,,,,
unknown,Japan,House,Crystal,,,,,,,,,
unknown,Mexico,Disco,Disco Bahía,,,,,,,,,
unknown,Mexico,Disco,Hot Pepper,,,,comedy film,,,,,
unknown,Mexico,Disco,Midnight Generation,,,,,,,,,
unknown,Mexico,Disco,Wet Baes,,,,,,,,,
unknown,Mexico,Hip Hop,Santa Fe Klan,,,,,,,,,
unknown,Mexico,Reggae,Antidoping,,,,,,,,,
unknown,Nigeria,Disco,Livy Ekemezie,,,,,,,,,
unknown,Nigeria,Electronic,Obongjayar,,,,,,,,,
unknown,Nigeria,Electronic,Sarz,,,,,,,,,
unknown,Nigeria,Hip Hop,Falz,,,,,,,,,
unknown,Nigeria,House,Sarz,,,,,,,,,
unknown,Nigeria,Pop,Yemi Alade,,,,African popular music,,,,,
unknown,Nigeria,World,King Sunny Ade,,jùjú,jùjú,Jùjú music; music of Africa,,,,,
unknown,Norway,Afrobeats,Akuvi,,,,,,,,,
unknown,Norway,Afrobeats,Matata,,,,,,,,,
unknown,Norway,Ambient,Bjorn Torske,,,,,,,,,
unknown,Norway,Reggae,Nico D.,,,,,,,,,
unknown,Pakistan,Classical,Abida Parveen,,,,Sufi music,,,,,
unknown,Pakistan,Electronic,Mughal-E-Funk,,,,,,,,,
unknown,Pakistan,Electronic,Zohaib Kazi,,,,,,,,,
unknown,Pakistan,Folk,Abida Parveen,,,,Sufi music,,,,,
unknown,Pakistan,Hip Hop,Faris Shafi,,,,,,,,,
unknown,Pakistan,Hip Hop,Talha Anjum,,,,,,,,,
unknown,Pakistan,Hip Hop,Talhah Yunus,,,,,,,,,
unknown,Pakistan,Indie,Mooroo,,,,,,,,,
unknown,Poland,Classical,Frederic Chopin,,,,portrait,,,,,
unknown,Poland,Electronic,Smolik,,,,,,,,,
unknown,Poland,Pop,Doda,,,,,,,,,
unknown,Poland,Pop,Edyta Gornika,,,,,,,,,
unknown,Portugal,Disco,Branko,,,,,,,,,
unknown,Portugal,Disco,Da Chick,,,,,,,,,
unknown,Portugal,Disco,GPU Panic,,,,,,,,,
unknown,Portugal,Disco,Mirror People,,,,,,,,,
unknown,Portugal,Disco,Moullinex,,,,,,,,,
unknown,Portugal,Electronic,Branko,,,,,,,,,
unknown,Portugal,Hip Hop,Mundo Segundo,,,,,,,,,
unknown,Portugal,Hip Hop,ProfJam,,,,,,,,,
unknown,Portugal,Indie,Capitao Fausto,,,,,,,,,
unknown,Portugal,Indie,Conjunto Corona,,,,,,,,,
unknown,Portugal,Reggae,Richie Campbell,,,,,,,,,
unknown,Portugal,Rock,Os Quatro e Meia,,,,,,,,,
unknown,South Africa,Classical,Abel Selaocoe,,,,,,,,,
unknown,South Africa,Disco,Yvonne Chaka Chaka,,township bubblegum,south african; township bubblegum,,,,,,
unknown,South Africa,Hip Hop,AKA,,,,,,,,,
unknown,South Africa,Indie,Petite Noir,,,,,,,,,
unknown,South Africa,Pop,Lloyiso,,,,,,,,,
unknown,South Korea,Classical,Joyce Yang,,,,,,,,,
unknown,South Korea,Electronic,Hitchhiker,,,,adventure video game,,,,,
unknown,South Korea,Electronic,Peggy Gou,,,,,,,,,
unknown,South Korea,Folk,Kim Min Ki,,,,pornographic film,,,,,
unknown,South Korea,Hip Hop,Loco,,,,action game,,,,,
unknown,South Korea,Soul,Dean,,,,,,,,,
unknown,Spain,Disco,Azul y Negro,,,,,,,,,
unknown,Spain,Disco,Golden Bug,,,,,,,,,
unknown,Spain,Disco,Squash Gang,,,,,,,,,
unknown,Spain,Disco,Susana Estrada,,,,,,,,,
unknown,Spain,Hip Hop,Kase O,,,,,,,,,
unknown,Spain,Indie,Sidonie,,,,,,,,,
unknown,Turkey,Bossa Nova,Birsen Tezer,,,,,,,,,
unknown,Turkey,Bossa Nova,Emir Ersoy,,,,,,,,,
unknown,Turkey,Disco,Senay,,,,,,,,,
unknown,Turkey,Electronic,Mahmut Orhan,,,,,,,,,
unknown,Turkey,Hip Hop,Ceza,,,,still life; genre painting; landscape painting; portrait,,,,,
unknown,United Kingdom,Ambient,The Caretaker,,,,action game; adventure video game; action-adventure game,,,,,
unknown,United Kingdom,Hip Hop,Dave,,production music,composer; production music,,,,,,
unknown,United Kingdom,Indie,Squid,,,,,,,,,
unknown,United States,Cumbia,Grupo Fantasma,,,,,,,,,
unknown,United States,Funk,Parliament,,,,,,,,,
unknown,United States,Hip Hop,Tyler The Creator,,,,,,,,,
unknown,United States,Indie,Arcade Fire,,,,,,,,,
unknown,United States,Soul,DAngelo,,,,,,,,,
